datetime,grid_id,value,date,Column_WV,Optical_Depth_055_avg,Optical_Depth_055_min,Optical_Depth_055_max,Optical_Depth_055_var,Optical_Depth_055_std,Optical_Depth_055_p95,latitude,longitude,surface,gust,sp,orog,t,heightAboveGround,u,v,sunsd,level,tozne,location,prate_max,prate_mean,cat_rain_max,cat_rain_mode
2018-02-01T08:00:00Z,3S31A,0,2018-02-01,,,,,,,,33.875,242.0,0.0,2.1999998,100817.3,59.1,299.65002,10.0,1.7049999,1.4649999,21600.0,0.0,299.75,la,0.0,0.0,0.0,0.0
2018-02-01T08:00:00Z,A2FBI,0,2018-02-01,,,,,,,,34.125,242.0,0.0,1.5999999,94985.3,587.98,297.05,10.0,1.1899999,1.51,21600.0,0.0,299.09998,la,0.0,0.0,0.0,0.0
2018-02-01T08:00:00Z,DJN0F,0,2018-02-01,,,,,,,,34.125,242.0,0.0,1.5999999,94985.3,587.98,297.05,10.0,1.1899999,1.51,21600.0,0.0,299.09998,la,0.0,0.0,0.0,0.0
2018-02-01T08:00:00Z,E5P9N,0,2018-02-01,,,,,,,,34.125,242.0,0.0,1.5999999,94985.3,587.98,297.05,10.0,1.1899999,1.51,21600.0,0.0,299.09998,la,0.0,0.0,0.0,0.0
2018-02-01T08:00:00Z,FRITQ,0,2018-02-01,,,,,,,,33.875,241.875,0.0,2.375,100938.5,48.98,298.825,10.0,1.6775,1.6025,21600.0,0.0,299.55,la,0.0,0.0,0.0,0.0
2018-02-01T08:00:00Z,H96P6,0,2018-02-01,,,,,,,,34.25,241.5,0.0,1.8,97146.1,380.3,299.0,10.0,1.1,1.58,21600.0,0.0,299.7,la,0.0,0.0,0.0,0.0
2018-02-01T08:00:00Z,PG3MI,0,2018-02-01,,,,,,,,34.125,241.875,0.0,1.725,96131.3,481.54,297.725,10.0,1.2025,1.5875,21600.0,0.0,299.22498,la,0.0,0.0,0.0,0.0
2018-02-01T08:00:00Z,QJHW4,0,2018-02-01,,,,,,,,34.375,241.5,0.0,1.4,95706.91,510.54,298.05,10.0,0.52500004,0.94000006,21600.0,0.0,300.15002,la,0.0,0.0,0.0,0.0
2018-02-01T08:00:00Z,WT52R,0,2018-02-01,,,,,,,,34.0,242.0,0.0,2.1,100266.1,106.7,300.7,10.0,1.55,1.79,21600.0,0.0,300.3,la,0.0,0.0,0.0,0.0
2018-02-01T08:00:00Z,X5DKW,0,2018-02-01,,,,,,,,34.125,242.0,0.0,1.5999999,94985.3,587.98,297.05,10.0,1.1899999,1.51,21600.0,0.0,299.09998,la,0.0,0.0,0.0,0.0
2018-02-01T08:00:00Z,ZP1FZ,0,2018-02-01,,,,,,,,34.25,242.0,0.0,1.1,89704.5,1069.26,293.4,10.0,0.83,1.23,21600.0,0.0,297.9,la,0.0,0.0,0.0,0.0
2018-02-01T08:00:00Z,ZZ8JF,0,2018-02-01,,,,,,,,33.75,242.0,0.0,2.3,101368.5,11.5,298.6,10.0,1.86,1.14,21600.0,0.0,299.2,la,0.0,0.0,0.0,0.0
2018-02-01T16:00:00Z,1X116,0,2018-02-01,,,,,,,,25.125,121.625,0.0,9.175,100536.5,157.14,286.775,10.0,-4.685,-4.3775,203.0,0.0,250.05,tp,0.000112,3.9805556e-05,1.0,1.0
2018-02-01T16:00:00Z,90BZ1,0,2018-02-01,,,,,,,,25.125,121.625,0.0,9.175,100536.5,157.14,286.775,10.0,-4.685,-4.3775,203.0,0.0,250.05,tp,0.000112,3.9805556e-05,1.0,1.0
2018-02-01T16:00:00Z,9Q6TA,0,2018-02-01,,,,,,,,25.125,121.625,0.0,9.175,100536.5,157.14,286.775,10.0,-4.685,-4.3775,203.0,0.0,250.05,tp,0.000112,3.9805556e-05,1.0,1.0
2018-02-01T16:00:00Z,KW43U,0,2018-02-01,,,,,,,,25.125,121.625,0.0,9.175,100536.5,157.14,286.775,10.0,-4.685,-4.3775,203.0,0.0,250.05,tp,0.000112,3.9805556e-05,1.0,1.0
2018-02-01T16:00:00Z,VR4WG,0,2018-02-01,,,,,,,,25.125,121.625,0.0,9.175,100536.5,157.14,286.775,10.0,-4.685,-4.3775,203.0,0.0,250.05,tp,0.000112,3.9805556e-05,1.0,1.0
2018-02-01T16:00:00Z,XJF9O,0,2018-02-01,,,,,,,,25.125,121.625,0.0,9.175,100536.5,157.14,286.775,10.0,-4.685,-4.3775,203.0,0.0,250.05,tp,0.000112,3.9805556e-05,1.0,1.0
2018-02-01T16:00:00Z,XNLVD,0,2018-02-01,,,,,,,,25.125,121.625,0.0,9.175,100536.5,157.14,286.775,10.0,-4.685,-4.3775,203.0,0.0,250.05,tp,0.000112,3.9805556e-05,1.0,1.0
2018-02-01T18:30:00Z,1Z2W7,0,2018-02-01,1.6974782608695655,0.43025,0.345,0.528,0.0031373571428571,0.0560121160362393,0.51435,28.625,77.375,0.0,2.975,98807.7,208.5,287.875,10.0,1.61,-1.3325,0.0,0.0,265.75,dl,0.0,0.0,0.0,0.0
2018-02-01T18:30:00Z,90S79,0,2018-02-01,1.6439473684210528,0.5460000000000002,0.414,0.658,0.0059263333333333,0.0769826820352041,0.6535,28.75,77.25,0.0,3.2,98827.7,207.02,289.3,10.0,1.44,-1.28,0.0,0.0,266.3,dl,0.0,0.0,0.0,0.0
2018-02-01T18:30:00Z,A7UCQ,0,2018-02-01,1.7298260869565214,0.4684347826086956,0.318,0.619,0.0043591660079051,0.0660239805518051,0.5832999999999999,28.625,77.375,0.0,2.975,98807.7,208.5,287.875,10.0,1.61,-1.3325,0.0,0.0,265.75,dl,0.0,0.0,0.0,0.0
2018-02-01T18:30:00Z,D7S1G,0,2018-02-01,1.7024583333333336,0.4675416666666667,0.333,0.545,0.004249911231884,0.0651913432281009,0.53385,28.75,77.375,0.0,3.0,98806.91,208.45999,287.3,10.0,1.605,-1.3499999,0.0,0.0,266.3,dl,0.0,0.0,0.0,0.0
2018-02-01T18:30:00Z,E2AUK,0,2018-02-01,1.7367826086956522,0.4776086956521739,0.408,0.557,0.0017527035573122,0.0418653025465271,0.5548000000000001,28.625,77.125,0.0,2.65,98743.3,215.14,288.125,10.0,1.3475001,-1.205,0.0,0.0,265.7,dl,0.0,0.0,0.0,0.0
2018-02-01T18:30:00Z,GAC6R,0,2018-02-01,1.8115263157894737,0.4438421052631578,0.395,0.5670000000000001,0.0016973625730994,0.0411990603424327,0.5300999999999999,28.875,77.125,0.0,2.725,98764.1,212.9,285.725,10.0,1.28,-1.51,0.0,0.0,267.025,dl,0.0,0.0,0.0,0.0
2018-02-01T18:30:00Z,GJLB2,0,2018-02-01,1.6465500000000002,0.47375,0.372,0.547,0.0017379868421052,0.0416891693621408,0.528,28.625,77.125,0.0,2.65,98743.3,215.14,288.125,10.0,1.3475001,-1.205,0.0,0.0,265.7,dl,0.0,0.0,0.0,0.0
2018-02-01T18:30:00Z,HANW9,0,2018-02-01,1.6577499999999998,0.4423999999999999,0.385,0.543,0.0022895157894736,0.047848884934486,0.52305,28.625,77.25,0.0,3.15,98741.3,214.70001,289.59998,10.0,1.475,-1.245,0.0,0.0,265.7,dl,0.0,0.0,0.0,0.0
2018-02-01T18:30:00Z,HM74A,0,2018-02-01,1.7011304347826088,0.4664347826086956,0.398,0.611,0.0029403478260869,0.054224974191667,0.5661999999999999,28.75,77.125,0.0,2.7,98832.5,207.26001,287.2,10.0,1.315,-1.25,0.0,0.0,266.3,dl,0.0,0.0,0.0,0.0
2018-02-01T18:30:00Z,KZ9W9,0,2018-02-01,1.7245555555555556,0.5187222222222222,0.408,0.65,0.0038220947712418,0.0618230925402622,0.63045,28.75,77.125,0.0,2.7,98832.5,207.26001,287.2,10.0,1.315,-1.25,0.0,0.0,266.3,dl,0.0,0.0,0.0,0.0
2018-02-01T18:30:00Z,P8JA5,0,2018-02-01,1.680869565217391,0.4211333333333333,0.323,0.485,0.0016191238095238,0.0402383375591463,0.4800999999999999,28.625,77.375,0.0,2.975,98807.7,208.5,287.875,10.0,1.61,-1.3325,0.0,0.0,265.75,dl,0.0,0.0,0.0,0.0
2018-02-01T18:30:00Z,PJNW1,0,2018-02-01,1.7431304347826089,0.4391739130434783,0.333,0.56,0.0028224229249011,0.0531264804490301,0.5037,28.75,77.25,0.0,3.2,98827.7,207.02,289.3,10.0,1.44,-1.28,0.0,0.0,266.3,dl,0.0,0.0,0.0,0.0
2018-02-02T16:00:00Z,1X116,0,2018-02-02,,,,,,,,25.125,121.625,0.0,10.825,100840.7,157.14,285.025,10.0,-3.6275,-6.6825,0.0,0.0,247.9,tp,0.0003325,0.00018,1.0,1.0
2018-02-02T16:00:00Z,90BZ1,0,2018-02-02,,,,,,,,25.125,121.625,0.0,10.825,100840.7,157.14,285.025,10.0,-3.6275,-6.6825,0.0,0.0,247.9,tp,0.0003325,0.00018,1.0,1.0
2018-02-02T16:00:00Z,9Q6TA,0,2018-02-02,,,,,,,,25.125,121.625,0.0,10.825,100840.7,157.14,285.025,10.0,-3.6275,-6.6825,0.0,0.0,247.9,tp,0.0003325,0.00018,1.0,1.0
2018-02-02T16:00:00Z,KW43U,0,2018-02-02,,,,,,,,25.125,121.625,0.0,10.825,100840.7,157.14,285.025,10.0,-3.6275,-6.6825,0.0,0.0,247.9,tp,0.0003325,0.00018,1.0,1.0
2018-02-02T16:00:00Z,VR4WG,0,2018-02-02,,,,,,,,25.125,121.625,0.0,10.825,100840.7,157.14,285.025,10.0,-3.6275,-6.6825,0.0,0.0,247.9,tp,0.0003325,0.00018,1.0,1.0
2018-02-02T16:00:00Z,XJF9O,0,2018-02-02,,,,,,,,25.125,121.625,0.0,10.825,100840.7,157.14,285.025,10.0,-3.6275,-6.6825,0.0,0.0,247.9,tp,0.0003325,0.00018,1.0,1.0
2018-02-02T16:00:00Z,XNLVD,0,2018-02-02,,,,,,,,25.125,121.625,0.0,10.825,100840.7,157.14,285.025,10.0,-3.6275,-6.6825,0.0,0.0,247.9,tp,0.0003325,0.00018,1.0,1.0
2018-02-02T18:30:00Z,1Z2W7,0,2018-02-02,1.4102608695652177,0.6616956521739131,0.5740000000000001,0.724,0.0017861304347826,0.0422626363917658,0.7138,28.625,77.375,0.0,1.6,98965.9,208.5,287.925,10.0,0.3925,-1.1625,0.0,0.0,267.85,dl,0.0,0.0,0.0,0.0
2018-02-02T18:30:00Z,90S79,0,2018-02-02,1.370421052631579,0.5237777777777778,0.446,0.642,0.0038238300653594,0.0618371252999319,0.62925,28.75,77.25,0.0,1.6,98986.3,207.02,289.8,10.0,0.42,-1.23,0.0,0.0,268.9,dl,0.0,0.0,0.0,0.0
2018-02-02T18:30:00Z,A7UCQ,0,2018-02-02,1.396217391304348,0.676608695652174,0.555,0.767,0.004180885375494,0.0646597662808494,0.7591,28.625,77.375,0.0,1.6,98965.9,208.5,287.925,10.0,0.3925,-1.1625,0.0,0.0,267.85,dl,0.0,0.0,0.0,0.0
2018-02-02T18:30:00Z,D7S1G,0,2018-02-02,1.372375,0.3562083333333333,0.281,0.417,0.0009274764492753,0.0304544980138462,0.4066999999999999,28.75,77.375,0.0,1.75,98967.9,208.45999,287.59998,10.0,0.54,-1.29,0.0,0.0,268.7,dl,0.0,0.0,0.0,0.0
2018-02-02T18:30:00Z,E2AUK,0,2018-02-02,1.4033043478260867,0.67275,0.506,0.841,0.0058716710526315,0.0766268298485039,0.7707,28.625,77.125,0.0,1.4,98895.9,215.14,288.375,10.0,0.1675,-1.045,0.0,0.0,268.2,dl,0.0,0.0,0.0,0.0
2018-02-02T18:30:00Z,GJLB2,0,2018-02-02,1.36845,0.4299500000000001,0.32,0.535,0.00537805,0.0733351893704516,0.5255000000000001,28.625,77.125,0.0,1.4,98895.9,215.14,288.375,10.0,0.1675,-1.045,0.0,0.0,268.2,dl,0.0,0.0,0.0,0.0
2018-02-02T18:30:00Z,HANW9,0,2018-02-02,1.3842916666666667,0.5822083333333333,0.47,0.765,0.0075284329710144,0.0867665429241853,0.7528,28.625,77.25,0.0,1.45,98896.7,214.70001,289.95,10.0,0.3,-1.06,0.0,0.0,268.0,dl,0.0,0.0,0.0,0.0
2018-02-02T18:30:00Z,HM74A,0,2018-02-02,1.3539130434782607,0.6353478260869565,0.487,0.975,0.0137380553359683,0.1172094507109745,0.9180999999999996,28.75,77.125,0.0,1.6,98987.9,207.26001,287.59998,10.0,0.255,-1.23,0.0,0.0,269.09998,dl,0.0,0.0,0.0,0.0
2018-02-02T18:30:00Z,KZ9W9,0,2018-02-02,1.3897222222222227,0.5962222222222222,0.494,0.741,0.0061250065359477,0.0782624209691197,0.71295,28.75,77.125,0.0,1.6,98987.9,207.26001,287.59998,10.0,0.255,-1.23,0.0,0.0,269.09998,dl,0.0,0.0,0.0,0.0
2018-02-02T18:30:00Z,P8JA5,0,2018-02-02,1.3917826086956524,0.6246086956521738,0.532,0.6950000000000001,0.0023320671936758,0.0482914815850154,0.6949000000000001,28.625,77.375,0.0,1.6,98965.9,208.5,287.925,10.0,0.3925,-1.1625,0.0,0.0,267.85,dl,0.0,0.0,0.0,0.0
2018-02-02T18:30:00Z,PJNW1,0,2018-02-02,1.3702608695652174,0.4740000000000001,0.342,0.659,0.0092326363636363,0.0960866086592526,0.6508,28.75,77.25,0.0,1.6,98986.3,207.02,289.8,10.0,0.42,-1.23,0.0,0.0,268.9,dl,0.0,0.0,0.0,0.0
2018-02-03T08:00:00Z,3S31A,0,2018-02-03,,,,,,,,33.875,242.0,0.0,5.15,100883.4,59.1,299.3,10.0,3.275,2.2350001,21600.0,0.0,314.25,la,0.0,0.0,0.0,0.0
2018-02-03T08:00:00Z,A2FBI,0,2018-02-03,,,,,,,,34.125,242.0,0.0,3.1000001,95042.59,587.98,298.5,10.0,1.82,1.6750001,21600.0,0.0,309.85,la,0.0,0.0,0.0,0.0
2018-02-03T08:00:00Z,DJN0F,0,2018-02-03,,,,,,,,34.125,242.0,0.0,3.1000001,95042.59,587.98,298.5,10.0,1.82,1.6750001,21600.0,0.0,309.85,la,0.0,0.0,0.0,0.0
2018-02-03T08:00:00Z,E5P9N,0,2018-02-03,,,,,,,,34.125,242.0,0.0,3.1000001,95042.59,587.98,298.5,10.0,1.82,1.6750001,21600.0,0.0,309.85,la,0.0,0.0,0.0,0.0
2018-02-03T08:00:00Z,FRITQ,0,2018-02-03,,,,,,,,33.875,241.875,0.0,5.35,101001.4,48.98,298.5,10.0,3.6325,2.075,21600.0,0.0,314.075,la,0.0,0.0,0.0,0.0
2018-02-03T08:00:00Z,H96P6,0,2018-02-03,,,,,,,,34.25,241.5,0.0,2.5,97196.2,380.3,301.3,10.0,1.29,-0.72,21600.0,0.0,309.3,la,0.0,0.0,0.0,0.0
2018-02-03T08:00:00Z,PG3MI,0,2018-02-03,,,,,,,,34.125,241.875,0.0,3.3500001,96182.59,481.54,299.125,10.0,2.055,1.45,21600.0,0.0,310.125,la,0.0,0.0,0.0,0.0
2018-02-03T08:00:00Z,QJHW4,0,2018-02-03,,,,,,,,34.375,241.5,0.0,3.75,95773.8,510.54,299.55,10.0,-0.61,-1.74,21600.0,0.0,307.84998,la,0.0,0.0,0.0,0.0
2018-02-03T08:00:00Z,WT52R,0,2018-02-03,,,,,,,,34.0,242.0,0.0,5.3,100319.4,106.7,301.0,10.0,2.97,2.91,21600.0,0.0,313.1,la,0.0,0.0,0.0,0.0
2018-02-03T08:00:00Z,X5DKW,0,2018-02-03,,,,,,,,34.125,242.0,0.0,3.1000001,95042.59,587.98,298.5,10.0,1.82,1.6750001,21600.0,0.0,309.85,la,0.0,0.0,0.0,0.0
2018-02-03T08:00:00Z,ZP1FZ,0,2018-02-03,,,,,,,,34.25,242.0,0.0,0.9,89765.8,1069.26,296.0,10.0,0.67,0.44,21600.0,0.0,306.6,la,0.0,0.0,0.0,0.0
2018-02-03T08:00:00Z,ZZ8JF,0,2018-02-03,,,,,,,,33.75,242.0,0.0,5.0,101447.4,11.5,297.6,10.0,3.58,1.56,21600.0,0.0,315.4,la,0.0,0.0,0.0,0.0
2018-02-03T16:00:00Z,1X116,0,2018-02-03,0.3380416666666667,,,,,,,25.125,121.625,0.0,10.875,100811.0,157.14,283.95,10.0,-3.855,-6.85,0.0,0.0,250.5,tp,0.0004625,0.00024811112,1.0,1.0
2018-02-03T16:00:00Z,90BZ1,0,2018-02-03,0.3499583333333333,,,,,,,25.125,121.625,0.0,10.875,100811.0,157.14,283.95,10.0,-3.855,-6.85,0.0,0.0,250.5,tp,0.0004625,0.00024811112,1.0,1.0
2018-02-03T16:00:00Z,9Q6TA,0,2018-02-03,0.351,,,,,,,25.125,121.625,0.0,10.875,100811.0,157.14,283.95,10.0,-3.855,-6.85,0.0,0.0,250.5,tp,0.0004625,0.00024811112,1.0,1.0
2018-02-03T16:00:00Z,KW43U,0,2018-02-03,0.5707083333333335,,,,,,,25.125,121.625,0.0,10.875,100811.0,157.14,283.95,10.0,-3.855,-6.85,0.0,0.0,250.5,tp,0.0004625,0.00024811112,1.0,1.0
2018-02-03T16:00:00Z,VR4WG,0,2018-02-03,0.3253684210526316,,,,,,,25.125,121.625,0.0,10.875,100811.0,157.14,283.95,10.0,-3.855,-6.85,0.0,0.0,250.5,tp,0.0004625,0.00024811112,1.0,1.0
2018-02-03T16:00:00Z,XJF9O,0,2018-02-03,0.30096,,,,,,,25.125,121.625,0.0,10.875,100811.0,157.14,283.95,10.0,-3.855,-6.85,0.0,0.0,250.5,tp,0.0004625,0.00024811112,1.0,1.0
2018-02-03T16:00:00Z,XNLVD,0,2018-02-03,0.3756666666666667,,,,,,,25.125,121.625,0.0,10.875,100811.0,157.14,283.95,10.0,-3.855,-6.85,0.0,0.0,250.5,tp,0.0004625,0.00024811112,1.0,1.0
2018-02-03T18:30:00Z,1Z2W7,0,2018-02-03,1.0584347826086955,0.42925,0.396,0.461,0.0007109166666666,0.0266630205840723,0.4568,28.625,77.375,0.0,4.375,99123.0,208.5,285.475,10.0,1.6925,-2.08,0.0,0.0,272.5,dl,0.0,0.0,0.0,0.0
2018-02-03T18:30:00Z,90S79,0,2018-02-03,0.914157894736842,0.3776315789473685,0.268,0.47,0.0027270233918128,0.0522209095268635,0.4619,28.75,77.25,0.0,5.1,99143.4,207.02,286.9,10.0,1.72,-2.27,0.0,0.0,273.4,dl,0.0,0.0,0.0,0.0
2018-02-03T18:30:00Z,A7UCQ,0,2018-02-03,1.0013478260869564,0.4419375,0.406,0.465,0.0003448625,0.01857047387656,0.46425,28.625,77.375,0.0,4.375,99123.0,208.5,285.475,10.0,1.6925,-2.08,0.0,0.0,272.5,dl,0.0,0.0,0.0,0.0
2018-02-03T18:30:00Z,D7S1G,0,2018-02-03,0.9871249999999998,0.227625,0.153,0.347,0.0018444184782608,0.0429466934496809,0.28285,28.75,77.375,0.0,4.35,99121.0,208.45999,284.8,10.0,1.77,-2.205,0.0,0.0,273.34998,dl,0.0,0.0,0.0,0.0
2018-02-03T18:30:00Z,E2AUK,0,2018-02-03,0.9368695652173912,0.3219565217391304,0.257,0.406,0.0024044071146245,0.0490347541507501,0.3904,28.625,77.125,0.0,4.325,99062.2,215.14,285.775,10.0,1.625,-2.085,0.0,0.0,272.65,dl,0.0,0.0,0.0,0.0
2018-02-03T18:30:00Z,GJLB2,0,2018-02-03,0.93125,0.4763,0.414,0.518,0.0005452736842105,0.0233510959959169,0.5085000000000001,28.625,77.125,0.0,4.325,99062.2,215.14,285.775,10.0,1.625,-2.085,0.0,0.0,272.65,dl,0.0,0.0,0.0,0.0
2018-02-03T18:30:00Z,HANW9,0,2018-02-03,0.971625,0.4272499999999999,0.403,0.462,0.0003665681818181,0.0191459703806879,0.45925,28.625,77.25,0.0,5.1,99057.0,214.70001,287.4,10.0,1.6949999,-2.115,0.0,0.0,272.5,dl,0.0,0.0,0.0,0.0
2018-02-03T18:30:00Z,HM74A,0,2018-02-03,0.8881304347826088,0.2387391304347826,0.17,0.327,0.0012407470355731,0.0352242393185874,0.2951,28.75,77.125,0.0,4.3,99151.4,207.26001,284.75,10.0,1.625,-2.25,0.0,0.0,273.55,dl,0.0,0.0,0.0,0.0
2018-02-03T18:30:00Z,KZ9W9,0,2018-02-03,0.9305,0.2768333333333334,0.199,0.363,0.003279794117647,0.0572694867939905,0.36045,28.75,77.125,0.0,4.3,99151.4,207.26001,284.75,10.0,1.625,-2.25,0.0,0.0,273.55,dl,0.0,0.0,0.0,0.0
2018-02-03T18:30:00Z,P8JA5,0,2018-02-03,1.014478260869565,0.443,0.428,0.463,0.0001945,0.0139463256809813,0.4606,28.625,77.375,0.0,4.375,99123.0,208.5,285.475,10.0,1.6925,-2.08,0.0,0.0,272.5,dl,0.0,0.0,0.0,0.0
2018-02-03T18:30:00Z,PJNW1,0,2018-02-03,0.9396521739130436,0.2696086956521739,0.132,0.376,0.0046250671936758,0.0680078465596131,0.3562999999999999,28.75,77.25,0.0,5.1,99143.4,207.02,286.9,10.0,1.72,-2.27,0.0,0.0,273.4,dl,0.0,0.0,0.0,0.0
2018-02-04T08:00:00Z,3S31A,0,2018-02-04,1.2591052631578947,0.0260526315789473,0.02,0.033,1.7830409356725147e-05,0.0042226069384593,0.033,33.875,242.0,0.0,4.45,100857.91,59.1,299.85,10.0,3.215,1.72,21600.0,0.0,294.9,la,0.0,0.0,0.0,0.0
2018-02-04T08:00:00Z,A2FBI,0,2018-02-04,1.0803043478260872,0.0512608695652174,0.036,0.065,4.9747035573122535e-05,0.0070531578440527,0.0617,34.125,242.0,0.0,3.1,95024.3,587.98,298.5,10.0,2.195,1.815,21600.0,0.0,291.8,la,0.0,0.0,0.0,0.0
2018-02-04T08:00:00Z,DJN0F,0,2018-02-04,0.9651875,0.0469375,0.034,0.061,6.739583333333332e-05,0.0082094965334868,0.06025,34.125,242.0,0.0,3.1,95024.3,587.98,298.5,10.0,2.195,1.815,21600.0,0.0,291.8,la,0.0,0.0,0.0,0.0
2018-02-04T08:00:00Z,E5P9N,0,2018-02-04,1.1243913043478262,0.0509565217391304,0.037,0.085,0.0001354980237154,0.0116403618378216,0.0734999999999999,34.125,242.0,0.0,3.1,95024.3,587.98,298.5,10.0,2.195,1.815,21600.0,0.0,291.8,la,0.0,0.0,0.0,0.0
2018-02-04T08:00:00Z,FRITQ,0,2018-02-04,1.1344782608695654,0.0370434782608695,0.024,0.052,6.858893280632411e-05,0.0082818435632607,0.05,33.875,241.875,0.0,4.6,100979.1,48.98,299.025,10.0,3.395,1.6725,21600.0,0.0,294.525,la,0.0,0.0,0.0,0.0
2018-02-04T08:00:00Z,H96P6,0,2018-02-04,1.0365294117647057,0.0236470588235294,0.014,0.037,4.4117647058823526e-05,0.0066421116415507,0.0346,34.25,241.5,0.0,2.4,97179.5,380.3,301.0,10.0,2.08,0.85,21600.0,0.0,290.8,la,0.0,0.0,0.0,0.0
2018-02-04T08:00:00Z,PG3MI,0,2018-02-04,1.069090909090909,0.0456363636363636,0.022,0.066,0.0001179567099567,0.0108607877226612,0.06095,34.125,241.875,0.0,3.15,96169.9,481.54,299.15,10.0,2.275,1.675,21600.0,0.0,291.875,la,0.0,0.0,0.0,0.0
2018-02-04T08:00:00Z,QJHW4,0,2018-02-04,0.9350000000000002,0.0212941176470588,0.014,0.031,2.5595588235294114e-05,0.005059208261704,0.0278,34.375,241.5,0.0,1.5,95750.7,510.54,300.0,10.0,0.92999995,0.47000003,21600.0,0.0,290.09998,la,0.0,0.0,0.0,0.0
2018-02-04T08:00:00Z,WT52R,0,2018-02-04,0.8874782608695654,0.0649130434782608,0.055,0.081,4.3446640316205545e-05,0.0065914065506692,0.0756999999999999,34.0,242.0,0.0,4.2,100294.7,106.7,301.5,10.0,2.86,2.25,21600.0,0.0,294.3,la,0.0,0.0,0.0,0.0
2018-02-04T08:00:00Z,X5DKW,0,2018-02-04,1.096294117647059,0.0814117647058823,0.067,0.119,0.0002216323529411,0.0148873218861276,0.1109999999999999,34.125,242.0,0.0,3.1,95024.3,587.98,298.5,10.0,2.195,1.815,21600.0,0.0,291.8,la,0.0,0.0,0.0,0.0
2018-02-04T08:00:00Z,ZP1FZ,0,2018-02-04,1.0077826086956525,0.0339130434782608,0.023,0.046,2.6355731225296443e-05,0.005133783324732,0.0417,34.25,242.0,0.0,2.0,89753.9,1069.26,295.5,10.0,1.53,1.38,21600.0,0.0,289.3,la,0.0,0.0,0.0,0.0
2018-02-04T08:00:00Z,ZZ8JF,0,2018-02-04,1.087478260869565,0.0531818181818181,0.022,0.073,0.0002591636363636,0.0160985600711255,0.072,33.75,242.0,0.0,4.7,101421.1,11.5,298.2,10.0,3.57,1.19,21600.0,0.0,295.5,la,0.0,0.0,0.0,0.0
2018-02-04T16:00:00Z,1X116,0,2018-02-04,,,,,,,,25.125,121.625,0.0,9.725,100867.9,157.14,283.3,10.0,-2.8775,-6.435,1032.75,0.0,257.55,tp,0.0006525,0.00034222222,1.0,1.0
2018-02-04T16:00:00Z,90BZ1,0,2018-02-04,,,,,,,,25.125,121.625,0.0,9.725,100867.9,157.14,283.3,10.0,-2.8775,-6.435,1032.75,0.0,257.55,tp,0.0006525,0.00034222222,1.0,1.0
2018-02-04T16:00:00Z,9Q6TA,0,2018-02-04,,,,,,,,25.125,121.625,0.0,9.725,100867.9,157.14,283.3,10.0,-2.8775,-6.435,1032.75,0.0,257.55,tp,0.0006525,0.00034222222,1.0,1.0
2018-02-04T16:00:00Z,KW43U,0,2018-02-04,,,,,,,,25.125,121.625,0.0,9.725,100867.9,157.14,283.3,10.0,-2.8775,-6.435,1032.75,0.0,257.55,tp,0.0006525,0.00034222222,1.0,1.0
2018-02-04T16:00:00Z,VR4WG,0,2018-02-04,,,,,,,,25.125,121.625,0.0,9.725,100867.9,157.14,283.3,10.0,-2.8775,-6.435,1032.75,0.0,257.55,tp,0.0006525,0.00034222222,1.0,1.0
2018-02-04T16:00:00Z,XJF9O,0,2018-02-04,,,,,,,,25.125,121.625,0.0,9.725,100867.9,157.14,283.3,10.0,-2.8775,-6.435,1032.75,0.0,257.55,tp,0.0006525,0.00034222222,1.0,1.0
2018-02-04T16:00:00Z,XNLVD,0,2018-02-04,,,,,,,,25.125,121.625,0.0,9.725,100867.9,157.14,283.3,10.0,-2.8775,-6.435,1032.75,0.0,257.55,tp,0.0006525,0.00034222222,1.0,1.0
2018-02-04T18:30:00Z,1Z2W7,0,2018-02-04,,,,,,,,28.625,77.375,0.0,2.375,99225.91,208.5,284.975,10.0,0.7925,-1.5475,0.0,0.0,266.65,dl,0.0,0.0,0.0,0.0
2018-02-04T18:30:00Z,90S79,0,2018-02-04,,,,,,,,28.75,77.25,0.0,2.2,99246.7,207.02,286.8,10.0,0.73,-1.68,0.0,0.0,267.8,dl,0.0,0.0,0.0,0.0
2018-02-04T18:30:00Z,A7UCQ,0,2018-02-04,,,,,,,,28.625,77.375,0.0,2.375,99225.91,208.5,284.975,10.0,0.7925,-1.5475,0.0,0.0,266.65,dl,0.0,0.0,0.0,0.0
2018-02-04T18:30:00Z,D7S1G,0,2018-02-04,,,,,,,,28.75,77.375,0.0,2.4,99229.91,208.45999,284.34998,10.0,0.71000004,-1.79,0.0,0.0,267.55,dl,0.0,0.0,0.0,0.0
2018-02-04T18:30:00Z,E2AUK,0,2018-02-04,,,,,,,,28.625,77.125,0.0,2.15,99151.1,215.14,285.5,10.0,0.9325,-1.26,0.0,0.0,267.09998,dl,0.0,0.0,0.0,0.0
2018-02-04T18:30:00Z,GAC6R,0,2018-02-04,,,,,,,,28.875,77.125,0.0,2.4,99182.3,212.9,282.675,10.0,0.8125,-1.74,0.0,0.0,269.025,dl,0.0,0.0,0.0,0.0
2018-02-04T18:30:00Z,GJLB2,0,2018-02-04,,,,,,,,28.625,77.125,0.0,2.15,99151.1,215.14,285.5,10.0,0.9325,-1.26,0.0,0.0,267.09998,dl,0.0,0.0,0.0,0.0
2018-02-04T18:30:00Z,HANW9,0,2018-02-04,,,,,,,,28.625,77.25,0.0,2.4,99153.91,214.70001,287.15,10.0,0.87,-1.38,0.0,0.0,266.84998,dl,0.0,0.0,0.0,0.0
2018-02-04T18:30:00Z,HM74A,0,2018-02-04,,,,,,,,28.75,77.125,0.0,2.15,99245.91,207.26001,284.5,10.0,0.775,-1.5899999,0.0,0.0,268.05,dl,0.0,0.0,0.0,0.0
2018-02-04T18:30:00Z,KZ9W9,0,2018-02-04,,,,,,,,28.75,77.125,0.0,2.15,99245.91,207.26001,284.5,10.0,0.775,-1.5899999,0.0,0.0,268.05,dl,0.0,0.0,0.0,0.0
2018-02-04T18:30:00Z,P8JA5,0,2018-02-04,,,,,,,,28.625,77.375,0.0,2.375,99225.91,208.5,284.975,10.0,0.7925,-1.5475,0.0,0.0,266.65,dl,0.0,0.0,0.0,0.0
2018-02-04T18:30:00Z,PJNW1,0,2018-02-04,,,,,,,,28.75,77.25,0.0,2.2,99246.7,207.02,286.8,10.0,0.73,-1.68,0.0,0.0,267.8,dl,0.0,0.0,0.0,0.0
2018-02-05T08:00:00Z,3S31A,0,2018-02-05,,,,,,,,33.875,242.0,0.0,3.15,100544.2,59.1,299.3,10.0,1.6949999,2.48,21600.0,0.0,294.45,la,0.0,0.0,0.0,0.0
2018-02-05T08:00:00Z,A2FBI,0,2018-02-05,,,,,,,,34.125,242.0,0.0,2.6,94702.59,587.98,297.55,10.0,1.675,2.2,21600.0,0.0,295.45,la,0.0,0.0,0.0,0.0
2018-02-05T08:00:00Z,DJN0F,0,2018-02-05,,,,,,,,34.125,242.0,0.0,2.6,94702.59,587.98,297.55,10.0,1.675,2.2,21600.0,0.0,295.45,la,0.0,0.0,0.0,0.0
2018-02-05T08:00:00Z,E5P9N,0,2018-02-05,,,,,,,,34.125,242.0,0.0,2.6,94702.59,587.98,297.55,10.0,1.675,2.2,21600.0,0.0,295.45,la,0.0,0.0,0.0,0.0
2018-02-05T08:00:00Z,FRITQ,0,2018-02-05,,,,,,,,33.875,241.875,0.0,3.25,100664.6,48.98,298.65,10.0,1.53,2.5925,21600.0,0.0,294.45,la,0.0,0.0,0.0,0.0
2018-02-05T08:00:00Z,H96P6,0,2018-02-05,,,,,,,,34.25,241.5,0.0,2.6,96853.0,380.3,300.3,10.0,1.37,2.14,21600.0,0.0,297.2,la,0.0,0.0,0.0,0.0
2018-02-05T08:00:00Z,PG3MI,0,2018-02-05,,,,,,,,34.125,241.875,0.0,2.65,95848.6,481.54,298.3,10.0,1.49,2.2775,21600.0,0.0,295.8,la,0.0,0.0,0.0,0.0
2018-02-05T08:00:00Z,QJHW4,0,2018-02-05,,,,,,,,34.375,241.5,0.0,2.1,95408.2,510.54,299.4,10.0,1.23,1.9200001,21600.0,0.0,297.75,la,0.0,0.0,0.0,0.0
2018-02-05T08:00:00Z,WT52R,0,2018-02-05,,,,,,,,34.0,242.0,0.0,3.2,99985.8,106.7,300.6,10.0,1.85,2.66,21600.0,0.0,296.1,la,0.0,0.0,0.0,0.0
2018-02-05T08:00:00Z,X5DKW,0,2018-02-05,,,,,,,,34.125,242.0,0.0,2.6,94702.59,587.98,297.55,10.0,1.675,2.2,21600.0,0.0,295.45,la,0.0,0.0,0.0,0.0
2018-02-05T08:00:00Z,ZP1FZ,0,2018-02-05,,,,,,,,34.25,242.0,0.0,2.0,89419.4,1069.26,294.5,10.0,1.5,1.74,21600.0,0.0,294.8,la,0.0,0.0,0.0,0.0
2018-02-05T08:00:00Z,ZZ8JF,0,2018-02-05,,,,,,,,33.75,242.0,0.0,3.1,101102.6,11.5,298.0,10.0,1.54,2.3,21600.0,0.0,292.8,la,0.0,0.0,0.0,0.0
2018-02-05T16:00:00Z,1X116,0,2018-02-05,0.7812916666666666,,,,,,,25.125,121.625,0.0,7.175,100803.0,157.14,283.7,10.0,-3.7875,-3.3975,4249.25,0.0,282.025,tp,0.00020175001,9.3e-05,1.0,1.0
2018-02-05T16:00:00Z,90BZ1,0,2018-02-05,0.8436666666666666,,,,,,,25.125,121.625,0.0,7.175,100803.0,157.14,283.7,10.0,-3.7875,-3.3975,4249.25,0.0,282.025,tp,0.00020175001,9.3e-05,1.0,1.0
2018-02-05T16:00:00Z,9Q6TA,0,2018-02-05,0.85745,,,,,,,25.125,121.625,0.0,7.175,100803.0,157.14,283.7,10.0,-3.7875,-3.3975,4249.25,0.0,282.025,tp,0.00020175001,9.3e-05,1.0,1.0
2018-02-05T16:00:00Z,KW43U,0,2018-02-05,0.7890416666666668,,,,,,,25.125,121.625,0.0,7.175,100803.0,157.14,283.7,10.0,-3.7875,-3.3975,4249.25,0.0,282.025,tp,0.00020175001,9.3e-05,1.0,1.0
2018-02-05T16:00:00Z,VR4WG,0,2018-02-05,0.8854736842105262,,,,,,,25.125,121.625,0.0,7.175,100803.0,157.14,283.7,10.0,-3.7875,-3.3975,4249.25,0.0,282.025,tp,0.00020175001,9.3e-05,1.0,1.0
2018-02-05T16:00:00Z,XJF9O,0,2018-02-05,0.8493199999999997,,,,,,,25.125,121.625,0.0,7.175,100803.0,157.14,283.7,10.0,-3.7875,-3.3975,4249.25,0.0,282.025,tp,0.00020175001,9.3e-05,1.0,1.0
2018-02-05T16:00:00Z,XNLVD,0,2018-02-05,0.8909523809523809,,,,,,,25.125,121.625,0.0,7.175,100803.0,157.14,283.7,10.0,-3.7875,-3.3975,4249.25,0.0,282.025,tp,0.00020175001,9.3e-05,1.0,1.0
2018-02-05T18:30:00Z,1Z2W7,0,2018-02-05,0.6293478260869565,,,,,,,28.625,77.375,0.0,2.85,99398.6,208.5,289.75,10.0,0.90250003,-1.6675,0.0,0.0,268.5,dl,0.0,0.0,0.0,0.0
2018-02-05T18:30:00Z,90S79,0,2018-02-05,0.4778947368421051,,,,,,,28.75,77.25,0.0,2.8,99424.2,207.02,290.5,10.0,0.88,-1.58,0.0,0.0,269.9,dl,0.0,0.0,0.0,0.0
2018-02-05T18:30:00Z,A7UCQ,0,2018-02-05,0.556,,,,,,,28.625,77.375,0.0,2.85,99398.6,208.5,289.75,10.0,0.90250003,-1.6675,0.0,0.0,268.5,dl,0.0,0.0,0.0,0.0
2018-02-05T18:30:00Z,D7S1G,0,2018-02-05,0.3579583333333333,,,,,,,28.75,77.375,0.0,2.6999998,99403.41,208.45999,289.3,10.0,0.995,-1.635,0.0,0.0,269.5,dl,0.0,0.0,0.0,0.0
2018-02-05T18:30:00Z,E2AUK,0,2018-02-05,0.3830434782608696,,,,,,,28.625,77.125,0.0,2.55,99333.0,215.14,289.9,10.0,0.685,-1.6325,0.0,0.0,269.275,dl,0.0,0.0,0.0,0.0
2018-02-05T18:30:00Z,GAC6R,0,2018-02-05,0.715842105263158,,,,,,,28.875,77.125,0.0,2.6,99365.805,212.9,288.1,10.0,0.9175,-1.7275,0.0,0.0,271.45,dl,0.0,0.0,0.0,0.0
2018-02-05T18:30:00Z,GJLB2,0,2018-02-05,0.4473,,,,,,,28.625,77.125,0.0,2.55,99333.0,215.14,289.9,10.0,0.685,-1.6325,0.0,0.0,269.275,dl,0.0,0.0,0.0,0.0
2018-02-05T18:30:00Z,HANW9,0,2018-02-05,0.5407083333333335,,,,,,,28.625,77.25,0.0,2.9,99331.41,214.70001,290.8,10.0,0.8,-1.59,0.0,0.0,268.84998,dl,0.0,0.0,0.0,0.0
2018-02-05T18:30:00Z,HM74A,0,2018-02-05,0.7385652173913045,,,,,,,28.75,77.125,0.0,2.55,99428.2,207.26001,289.25,10.0,0.775,-1.645,0.0,0.0,270.34998,dl,0.0,0.0,0.0,0.0
2018-02-05T18:30:00Z,KZ9W9,0,2018-02-05,0.5344444444444444,,,,,,,28.75,77.125,0.0,2.55,99428.2,207.26001,289.25,10.0,0.775,-1.645,0.0,0.0,270.34998,dl,0.0,0.0,0.0,0.0
2018-02-05T18:30:00Z,P8JA5,0,2018-02-05,0.6213478260869565,,,,,,,28.625,77.375,0.0,2.85,99398.6,208.5,289.75,10.0,0.90250003,-1.6675,0.0,0.0,268.5,dl,0.0,0.0,0.0,0.0
2018-02-05T18:30:00Z,PJNW1,0,2018-02-05,0.7685652173913047,,,,,,,28.75,77.25,0.0,2.8,99424.2,207.02,290.5,10.0,0.88,-1.58,0.0,0.0,269.9,dl,0.0,0.0,0.0,0.0
2018-02-06T08:00:00Z,3S31A,0,2018-02-06,,,,,,,,33.875,242.0,0.0,4.05,100841.5,59.1,298.2,10.0,1.9449999,2.83,21600.0,0.0,312.2,la,2.75e-06,4.875e-07,1.0,0.0
2018-02-06T08:00:00Z,A2FBI,0,2018-02-06,,,,,,,,34.125,242.0,0.0,3.05,94980.7,587.98,297.5,10.0,1.03,1.56,21600.0,0.0,310.3,la,2.75e-06,4.875e-07,1.0,0.0
2018-02-06T08:00:00Z,DJN0F,0,2018-02-06,,,,,,,,34.125,242.0,0.0,3.05,94980.7,587.98,297.5,10.0,1.03,1.56,21600.0,0.0,310.3,la,2.75e-06,4.875e-07,1.0,0.0
2018-02-06T08:00:00Z,E5P9N,0,2018-02-06,,,,,,,,34.125,242.0,0.0,3.05,94980.7,587.98,297.5,10.0,1.03,1.56,21600.0,0.0,310.3,la,2.75e-06,4.875e-07,1.0,0.0
2018-02-06T08:00:00Z,FRITQ,0,2018-02-06,,,,,,,,33.875,241.875,0.0,4.05,100963.5,48.98,297.5,10.0,1.7825,2.93,21600.0,0.0,312.25,la,2.75e-06,4.875e-07,1.0,0.0
2018-02-06T08:00:00Z,H96P6,0,2018-02-06,,,,,,,,34.25,241.5,0.0,2.8,97147.9,380.3,300.4,10.0,0.15,-1.17,21600.0,0.0,311.8,la,2.75e-06,4.875e-07,1.0,0.0
2018-02-06T08:00:00Z,PG3MI,0,2018-02-06,,,,,,,,34.125,241.875,0.0,3.075,96128.3,481.54,298.075,10.0,1.115,1.505,21600.0,0.0,310.85,la,2.75e-06,4.875e-07,1.0,0.0
2018-02-06T08:00:00Z,WT52R,0,2018-02-06,,,,,,,,34.0,242.0,0.0,4.6,100279.1,106.7,299.7,10.0,2.34,3.08,21600.0,0.0,312.3,la,2.75e-06,4.875e-07,1.0,0.0
2018-02-06T08:00:00Z,X5DKW,0,2018-02-06,,,,,,,,34.125,242.0,0.0,3.05,94980.7,587.98,297.5,10.0,1.03,1.56,21600.0,0.0,310.3,la,2.75e-06,4.875e-07,1.0,0.0
2018-02-06T08:00:00Z,ZP1FZ,0,2018-02-06,,,,,,,,34.25,242.0,0.0,1.5,89682.3,1069.26,295.3,10.0,-0.28,0.04,21600.0,0.0,308.3,la,2.75e-06,4.875e-07,1.0,0.0
2018-02-06T08:00:00Z,ZZ8JF,0,2018-02-06,,,,,,,,33.75,242.0,0.0,3.5,101403.9,11.5,296.7,10.0,1.55,2.58,21600.0,0.0,312.1,la,2.75e-06,4.875e-07,1.0,0.0
2018-02-06T16:00:00Z,1X116,0,2018-02-06,,,,,,,,25.125,121.625,0.0,8.575,100413.9,157.14,285.625,10.0,-5.7425,-0.8575,0.0,0.0,263.425,tp,2.825e-05,8.388889e-06,1.0,0.0
2018-02-06T16:00:00Z,90BZ1,0,2018-02-06,,,,,,,,25.125,121.625,0.0,8.575,100413.9,157.14,285.625,10.0,-5.7425,-0.8575,0.0,0.0,263.425,tp,2.825e-05,8.388889e-06,1.0,0.0
2018-02-06T16:00:00Z,9Q6TA,0,2018-02-06,,,,,,,,25.125,121.625,0.0,8.575,100413.9,157.14,285.625,10.0,-5.7425,-0.8575,0.0,0.0,263.425,tp,2.825e-05,8.388889e-06,1.0,0.0
2018-02-06T16:00:00Z,KW43U,0,2018-02-06,,,,,,,,25.125,121.625,0.0,8.575,100413.9,157.14,285.625,10.0,-5.7425,-0.8575,0.0,0.0,263.425,tp,2.825e-05,8.388889e-06,1.0,0.0
2018-02-06T16:00:00Z,VR4WG,0,2018-02-06,,,,,,,,25.125,121.625,0.0,8.575,100413.9,157.14,285.625,10.0,-5.7425,-0.8575,0.0,0.0,263.425,tp,2.825e-05,8.388889e-06,1.0,0.0
2018-02-06T16:00:00Z,XJF9O,0,2018-02-06,,,,,,,,25.125,121.625,0.0,8.575,100413.9,157.14,285.625,10.0,-5.7425,-0.8575,0.0,0.0,263.425,tp,2.825e-05,8.388889e-06,1.0,0.0
2018-02-06T16:00:00Z,XNLVD,0,2018-02-06,,,,,,,,25.125,121.625,0.0,8.575,100413.9,157.14,285.625,10.0,-5.7425,-0.8575,0.0,0.0,263.425,tp,2.825e-05,8.388889e-06,1.0,0.0
2018-02-06T18:30:00Z,1Z2W7,0,2018-02-06,0.1330434782608696,,,,,,,28.625,77.375,0.0,7.125,99124.3,208.5,285.075,10.0,3.0900002,-2.0825,0.0,0.0,306.125,dl,0.0,0.0,0.0,0.0
2018-02-06T18:30:00Z,90S79,0,2018-02-06,0.1896315789473684,,,,,,,28.75,77.25,0.0,6.8,99155.9,207.02,286.2,10.0,3.18,-1.81,0.0,0.0,309.8,dl,0.0,0.0,0.0,0.0
2018-02-06T18:30:00Z,A7UCQ,0,2018-02-06,0.1330434782608696,,,,,,,28.625,77.375,0.0,7.125,99124.3,208.5,285.075,10.0,3.0900002,-2.0825,0.0,0.0,306.125,dl,0.0,0.0,0.0,0.0
2018-02-06T18:30:00Z,D7S1G,0,2018-02-06,0.113,,,,,,,28.75,77.375,0.0,6.8500004,99127.9,208.45999,284.3,10.0,3.295,-1.79,0.0,0.0,308.9,dl,0.0,0.0,0.0,0.0
2018-02-06T18:30:00Z,E2AUK,0,2018-02-06,0.1383478260869565,,,,,,,28.625,77.125,0.0,6.075,99074.7,215.14,285.075,10.0,2.8075,-2.0375,0.0,0.0,307.875,dl,0.0,0.0,0.0,0.0
2018-02-06T18:30:00Z,GAC6R,0,2018-02-06,0.1456315789473684,,,,,,,28.875,77.125,0.0,5.55,99098.3,212.9,282.175,10.0,3.165,-1.535,0.0,0.0,312.8,dl,0.0,0.0,0.0,0.0
2018-02-06T18:30:00Z,GJLB2,0,2018-02-06,0.1514,,,,,,,28.625,77.125,0.0,6.075,99074.7,215.14,285.075,10.0,2.8075,-2.0375,0.0,0.0,307.875,dl,0.0,0.0,0.0,0.0
2018-02-06T18:30:00Z,HANW9,0,2018-02-06,0.1,,,,,,,28.625,77.25,0.0,7.2,99063.9,214.70001,286.75,10.0,3.0,-2.1,0.0,0.0,306.95,dl,0.0,0.0,0.0,0.0
2018-02-06T18:30:00Z,HM74A,0,2018-02-06,0.1048695652173913,,,,,,,28.75,77.125,0.0,5.5,99167.9,207.26001,284.0,10.0,2.975,-1.7449999,0.0,0.0,310.75,dl,0.0,0.0,0.0,0.0
2018-02-06T18:30:00Z,KZ9W9,0,2018-02-06,0.1767222222222222,,,,,,,28.75,77.125,0.0,5.5,99167.9,207.26001,284.0,10.0,2.975,-1.7449999,0.0,0.0,310.75,dl,0.0,0.0,0.0,0.0
2018-02-06T18:30:00Z,P8JA5,0,2018-02-06,0.108304347826087,,,,,,,28.625,77.375,0.0,7.125,99124.3,208.5,285.075,10.0,3.0900002,-2.0825,0.0,0.0,306.125,dl,0.0,0.0,0.0,0.0
2018-02-06T18:30:00Z,PJNW1,0,2018-02-06,0.1781739130434782,,,,,,,28.75,77.25,0.0,6.8,99155.9,207.02,286.2,10.0,3.18,-1.81,0.0,0.0,309.8,dl,0.0,0.0,0.0,0.0
2018-02-07T08:00:00Z,3S31A,0,2018-02-07,0.7892105263157895,0.0492105263157894,0.027,0.066,0.0001056198830409,0.0102771534502962,0.0651,33.875,242.0,0.0,3.8500001,101300.8,59.1,300.4,10.0,3.185,1.31,21600.0,0.0,300.45,la,0.0,0.0,0.0,0.0
2018-02-07T08:00:00Z,A2FBI,0,2018-02-07,0.6093043478260869,0.0893043478260869,0.038,0.119,0.0003794031620553,0.0194782741036092,0.1148,34.125,242.0,0.0,2.0,95449.59,587.98,298.85,10.0,1.34,0.715,21600.0,0.0,298.05,la,0.0,0.0,0.0,0.0
2018-02-07T08:00:00Z,DJN0F,0,2018-02-07,0.6559999999999999,0.0613749999999999,0.038,0.098,0.0002261166666666,0.0150371761533429,0.07925,34.125,242.0,0.0,2.0,95449.59,587.98,298.85,10.0,1.34,0.715,21600.0,0.0,298.05,la,0.0,0.0,0.0,0.0
2018-02-07T08:00:00Z,E5P9N,0,2018-02-07,0.6256086956521739,0.0819565217391304,0.025,0.129,0.0010324980237154,0.0321325072740272,0.1268,34.125,242.0,0.0,2.0,95449.59,587.98,298.85,10.0,1.34,0.715,21600.0,0.0,298.05,la,0.0,0.0,0.0,0.0
2018-02-07T08:00:00Z,FRITQ,0,2018-02-07,0.8285652173913043,0.0500869565217391,0.028,0.079,0.0002248102766798,0.0149936745556198,0.0773,33.875,241.875,0.0,4.175,101422.4,48.98,299.575,10.0,3.3725,1.3375,21600.0,0.0,300.275,la,0.0,0.0,0.0,0.0
2018-02-07T08:00:00Z,H96P6,0,2018-02-07,0.7571764705882353,0.0685294117647058,0.039,0.106,0.0004016397058823,0.0200409507230159,0.0979999999999999,34.25,241.5,0.0,3.3,97652.8,380.3,300.3,10.0,0.19,-2.47,21600.0,0.0,298.0,la,0.0,0.0,0.0,0.0
2018-02-07T08:00:00Z,PG3MI,0,2018-02-07,0.8070909090909094,0.0923636363636363,0.057,0.127,0.0003368138528138,0.0183524890086836,0.1169,34.125,241.875,0.0,2.425,96600.8,481.54,299.375,10.0,1.5325,0.44249997,21600.0,0.0,298.22498,la,0.0,0.0,0.0,0.0
2018-02-07T08:00:00Z,X5DKW,0,2018-02-07,0.6531764705882354,0.0924117647058823,0.068,0.118,0.0002886323529411,0.0169891834100752,0.118,34.125,242.0,0.0,2.0,95449.59,587.98,298.85,10.0,1.34,0.715,21600.0,0.0,298.05,la,0.0,0.0,0.0,0.0
2018-02-07T16:00:00Z,1X116,0,2018-02-07,0.4016666666666668,,,,,,,25.125,121.625,0.0,8.2,100392.4,157.14,285.625,10.0,-4.6324997,-3.0575001,23.75,0.0,257.675,tp,0.000466,0.00022922222,1.0,1.0
2018-02-07T16:00:00Z,90BZ1,0,2018-02-07,0.329,,,,,,,25.125,121.625,0.0,8.2,100392.4,157.14,285.625,10.0,-4.6324997,-3.0575001,23.75,0.0,257.675,tp,0.000466,0.00022922222,1.0,1.0
2018-02-07T16:00:00Z,9Q6TA,0,2018-02-07,0.3148499999999999,,,,,,,25.125,121.625,0.0,8.2,100392.4,157.14,285.625,10.0,-4.6324997,-3.0575001,23.75,0.0,257.675,tp,0.000466,0.00022922222,1.0,1.0
2018-02-07T16:00:00Z,KW43U,0,2018-02-07,0.3261666666666666,,,,,,,25.125,121.625,0.0,8.2,100392.4,157.14,285.625,10.0,-4.6324997,-3.0575001,23.75,0.0,257.675,tp,0.000466,0.00022922222,1.0,1.0
2018-02-07T16:00:00Z,VR4WG,0,2018-02-07,0.3307894736842105,,,,,,,25.125,121.625,0.0,8.2,100392.4,157.14,285.625,10.0,-4.6324997,-3.0575001,23.75,0.0,257.675,tp,0.000466,0.00022922222,1.0,1.0
2018-02-07T16:00:00Z,XJF9O,0,2018-02-07,0.3500799999999999,,,,,,,25.125,121.625,0.0,8.2,100392.4,157.14,285.625,10.0,-4.6324997,-3.0575001,23.75,0.0,257.675,tp,0.000466,0.00022922222,1.0,1.0
2018-02-07T16:00:00Z,XNLVD,0,2018-02-07,0.3180952380952381,,,,,,,25.125,121.625,0.0,8.2,100392.4,157.14,285.625,10.0,-4.6324997,-3.0575001,23.75,0.0,257.675,tp,0.000466,0.00022922222,1.0,1.0
2018-02-07T18:30:00Z,1Z2W7,0,2018-02-07,0.4460869565217392,0.1672272727272727,0.136,0.213,0.0003845649350649,0.0196103272554267,0.2061499999999999,28.625,77.375,0.0,1.9,99013.6,208.5,284.3,10.0,1.1675,-0.96500003,0.0,0.0,315.375,dl,0.0,0.0,0.0,0.0
2018-02-07T18:30:00Z,90S79,0,2018-02-07,0.4281052631578947,0.0779473684210526,0.036,0.122,0.0005887192982456,0.0242635384526992,0.1084999999999999,28.75,77.25,0.0,1.9,99032.0,207.02,286.4,10.0,1.05,-1.24,0.0,0.0,316.3,dl,0.0,0.0,0.0,0.0
2018-02-07T18:30:00Z,A7UCQ,0,2018-02-07,0.4169565217391305,0.1210434782608695,0.091,0.144,0.0001839525691699,0.0135629115299761,0.1419,28.625,77.375,0.0,1.9,99013.6,208.5,284.3,10.0,1.1675,-0.96500003,0.0,0.0,315.375,dl,0.0,0.0,0.0,0.0
2018-02-07T18:30:00Z,D7S1G,0,2018-02-07,0.4100416666666668,0.1129166666666667,0.071,0.171,0.0009827753623188,0.0313492481938377,0.16285,28.75,77.375,0.0,2.05,99013.6,208.45999,283.75,10.0,1.0699999,-1.315,0.0,0.0,316.09998,dl,0.0,0.0,0.0,0.0
2018-02-07T18:30:00Z,E2AUK,0,2018-02-07,0.4261739130434783,0.0455652173913043,0.017,0.111,0.0007438023715415,0.0272727404479546,0.0962999999999999,28.625,77.125,0.0,1.875,98943.6,215.14,284.925,10.0,1.28,-0.7825,0.0,0.0,315.7,dl,0.0,0.0,0.0,0.0
2018-02-07T18:30:00Z,GAC6R,0,2018-02-07,0.4723157894736842,0.1088421052631578,0.03,0.176,0.0016776959064327,0.0409596863566208,0.1732999999999999,28.875,77.125,0.0,2.25,98968.41,212.9,282.075,10.0,1.1324999,-1.4200001,0.0,0.0,317.025,dl,0.0,0.0,0.0,0.0
2018-02-07T18:30:00Z,GJLB2,0,2018-02-07,0.4996,0.2217499999999999,0.197,0.259,0.000266197368421,0.0163155560254945,0.24285,28.625,77.125,0.0,1.875,98943.6,215.14,284.925,10.0,1.28,-0.7825,0.0,0.0,315.7,dl,0.0,0.0,0.0,0.0
2018-02-07T18:30:00Z,HANW9,0,2018-02-07,0.418,0.1535416666666666,0.11,0.194,0.0005104329710144,0.0225927636869527,0.1919499999999999,28.625,77.25,0.0,1.8,98943.2,214.70001,286.7,10.0,1.2049999,-0.865,0.0,0.0,315.55,dl,0.0,0.0,0.0,0.0
2018-02-07T18:30:00Z,HM74A,0,2018-02-07,0.424695652173913,0.0489090909090909,0.02,0.078,0.0003736103896103,0.0193290038442334,0.07795,28.75,77.125,0.0,1.95,99033.6,207.26001,283.9,10.0,1.1099999,-1.1700001,0.0,0.0,316.4,dl,0.0,0.0,0.0,0.0
2018-02-07T18:30:00Z,KZ9W9,0,2018-02-07,0.4270555555555555,0.1014999999999999,0.04,0.167,0.0015500294117647,0.0393704128980724,0.1559499999999999,28.75,77.125,0.0,1.95,99033.6,207.26001,283.9,10.0,1.1099999,-1.1700001,0.0,0.0,316.4,dl,0.0,0.0,0.0,0.0
2018-02-07T18:30:00Z,P8JA5,0,2018-02-07,0.4351739130434783,0.1639565217391304,0.093,0.196,0.0007305889328063,0.0270294086654947,0.1928,28.625,77.375,0.0,1.9,99013.6,208.5,284.3,10.0,1.1675,-0.96500003,0.0,0.0,315.375,dl,0.0,0.0,0.0,0.0
2018-02-07T18:30:00Z,PJNW1,0,2018-02-07,0.4417826086956521,0.1387499999999999,0.053,0.206,0.0022547236842105,0.0474839307999087,0.20315,28.75,77.25,0.0,1.9,99032.0,207.02,286.4,10.0,1.05,-1.24,0.0,0.0,316.3,dl,0.0,0.0,0.0,0.0
2018-02-08T08:00:00Z,3S31A,0,2018-02-08,,,,,,,,33.875,242.0,0.0,4.35,100885.9,59.1,301.2,10.0,3.1750002,1.8,21600.0,0.0,287.45,la,0.0,0.0,0.0,0.0
2018-02-08T08:00:00Z,A2FBI,0,2018-02-08,,,,,,,,34.125,242.0,0.0,2.1,95073.1,587.98,299.8,10.0,0.945,1.17,21600.0,0.0,284.90002,la,0.0,0.0,0.0,0.0
2018-02-08T08:00:00Z,DJN0F,0,2018-02-08,,,,,,,,34.125,242.0,0.0,2.1,95073.1,587.98,299.8,10.0,0.945,1.17,21600.0,0.0,284.90002,la,0.0,0.0,0.0,0.0
2018-02-08T08:00:00Z,E5P9N,0,2018-02-08,,,,,,,,34.125,242.0,0.0,2.1,95073.1,587.98,299.8,10.0,0.945,1.17,21600.0,0.0,284.90002,la,0.0,0.0,0.0,0.0
2018-02-08T08:00:00Z,FRITQ,0,2018-02-08,,,,,,,,33.875,241.875,0.0,4.6,101003.1,48.98,300.25,10.0,3.4925,1.72,21600.0,0.0,287.225,la,0.0,0.0,0.0,0.0
2018-02-08T08:00:00Z,H96P6,0,2018-02-08,,,,,,,,34.25,241.5,0.0,3.8,97236.3,380.3,301.3,10.0,-0.7,-2.36,21600.0,0.0,284.7,la,0.0,0.0,0.0,0.0
2018-02-08T08:00:00Z,PG3MI,0,2018-02-08,,,,,,,,34.125,241.875,0.0,2.475,96210.7,481.54,300.325,10.0,1.055,0.84000003,21600.0,0.0,285.1,la,0.0,0.0,0.0,0.0
2018-02-08T08:00:00Z,WT52R,0,2018-02-08,,,,,,,,34.0,242.0,0.0,3.2,100327.5,106.7,303.0,10.0,2.3,2.27,21600.0,0.0,287.1,la,0.0,0.0,0.0,0.0
2018-02-08T08:00:00Z,X5DKW,0,2018-02-08,,,,,,,,34.125,242.0,0.0,2.1,95073.1,587.98,299.8,10.0,0.945,1.17,21600.0,0.0,284.90002,la,0.0,0.0,0.0,0.0
2018-02-08T08:00:00Z,ZP1FZ,0,2018-02-08,,,,,,,,34.25,242.0,0.0,1.0,89818.7,1069.26,296.6,10.0,-0.41,0.07,21600.0,0.0,282.7,la,0.0,0.0,0.0,0.0
2018-02-08T08:00:00Z,ZZ8JF,0,2018-02-08,,,,,,,,33.75,242.0,0.0,5.5,101444.3,11.5,299.4,10.0,4.05,1.33,21600.0,0.0,287.8,la,0.0,0.0,0.0,0.0
2018-02-08T16:00:00Z,1X116,0,2018-02-08,,,,,,,,25.125,121.625,0.0,6.975,100009.1,157.14,288.375,10.0,-3.08,2.0925,3454.25,0.0,250.2,tp,0.00018100001,8.675e-05,1.0,1.0
2018-02-08T16:00:00Z,90BZ1,0,2018-02-08,,,,,,,,25.125,121.625,0.0,6.975,100009.1,157.14,288.375,10.0,-3.08,2.0925,3454.25,0.0,250.2,tp,0.00018100001,8.675e-05,1.0,1.0
2018-02-08T16:00:00Z,9Q6TA,0,2018-02-08,,,,,,,,25.125,121.625,0.0,6.975,100009.1,157.14,288.375,10.0,-3.08,2.0925,3454.25,0.0,250.2,tp,0.00018100001,8.675e-05,1.0,1.0
2018-02-08T16:00:00Z,KW43U,0,2018-02-08,,,,,,,,25.125,121.625,0.0,6.975,100009.1,157.14,288.375,10.0,-3.08,2.0925,3454.25,0.0,250.2,tp,0.00018100001,8.675e-05,1.0,1.0
2018-02-08T16:00:00Z,VR4WG,0,2018-02-08,,,,,,,,25.125,121.625,0.0,6.975,100009.1,157.14,288.375,10.0,-3.08,2.0925,3454.25,0.0,250.2,tp,0.00018100001,8.675e-05,1.0,1.0
2018-02-08T16:00:00Z,XJF9O,0,2018-02-08,,,,,,,,25.125,121.625,0.0,6.975,100009.1,157.14,288.375,10.0,-3.08,2.0925,3454.25,0.0,250.2,tp,0.00018100001,8.675e-05,1.0,1.0
2018-02-08T16:00:00Z,XNLVD,0,2018-02-08,,,,,,,,25.125,121.625,0.0,6.975,100009.1,157.14,288.375,10.0,-3.08,2.0925,3454.25,0.0,250.2,tp,0.00018100001,8.675e-05,1.0,1.0
2018-02-08T18:30:00Z,1Z2W7,0,2018-02-08,0.7299565217391304,0.3407826086956521,0.266,0.4,0.001340814229249,0.0366171302705306,0.3919999999999999,28.625,77.375,0.0,2.675,98867.1,208.5,284.875,10.0,1.5725,-1.2375001,0.0,0.0,316.95,dl,0.0,0.0,0.0,0.0
2018-02-08T18:30:00Z,90S79,0,2018-02-08,0.7068947368421054,0.3907777777777778,0.284,0.583,0.0063546535947712,0.0797160811553807,0.5243499999999999,28.75,77.25,0.0,2.3,98890.7,207.02,286.7,10.0,1.48,-1.21,0.0,0.0,317.2,dl,0.0,0.0,0.0,0.0
2018-02-08T18:30:00Z,A7UCQ,0,2018-02-08,0.7532173913043477,0.3903478260869565,0.29,0.477,0.0033675098814229,0.0580302497101548,0.4706999999999999,28.625,77.375,0.0,2.675,98867.1,208.5,284.875,10.0,1.5725,-1.2375001,0.0,0.0,316.95,dl,0.0,0.0,0.0,0.0
2018-02-08T18:30:00Z,D7S1G,0,2018-02-08,0.7156250000000001,0.3702916666666667,0.25,0.423,0.0019116068840579,0.0437219268109031,0.4156999999999999,28.75,77.375,0.0,2.6,98869.91,208.45999,284.3,10.0,1.61,-1.36,0.0,0.0,317.15002,dl,0.0,0.0,0.0,0.0
2018-02-08T18:30:00Z,E2AUK,0,2018-02-08,0.688695652173913,0.4314999999999999,0.402,0.479,0.0005041153846153,0.022452513993212,0.4686,28.625,77.125,0.0,2.325,98801.9,215.14,285.2,10.0,1.495,-0.90250003,0.0,0.0,316.92502,dl,0.0,0.0,0.0,0.0
2018-02-08T18:30:00Z,GAC6R,0,2018-02-08,0.7475789473684209,0.3853529411764706,0.344,0.478,0.0016396176470588,0.0404921924209942,0.4523999999999999,28.875,77.125,0.0,2.375,98830.7,212.9,282.27502,10.0,1.495,-1.1825,0.0,0.0,317.825,dl,0.0,0.0,0.0,0.0
2018-02-08T18:30:00Z,GJLB2,0,2018-02-08,0.63155,0.3229499999999999,0.264,0.373,0.0010142605263157,0.0318474571404969,0.37205,28.625,77.125,0.0,2.325,98801.9,215.14,285.2,10.0,1.495,-0.90250003,0.0,0.0,316.92502,dl,0.0,0.0,0.0,0.0
2018-02-08T18:30:00Z,HANW9,0,2018-02-08,0.7474583333333333,0.41175,0.324,0.458,0.001712804347826,0.0413860404946654,0.45685,28.625,77.25,0.0,2.6,98799.5,214.70001,287.0,10.0,1.49,-1.0600001,0.0,0.0,316.95,dl,0.0,0.0,0.0,0.0
2018-02-08T18:30:00Z,HM74A,0,2018-02-08,0.640913043478261,,,,,,,28.75,77.125,0.0,2.1999998,98894.7,207.26001,284.15002,10.0,1.4549999,-1.05,0.0,0.0,317.2,dl,0.0,0.0,0.0,0.0
2018-02-08T18:30:00Z,KZ9W9,0,2018-02-08,0.6723888888888889,0.3360000000000001,0.273,0.373,0.0009377142857142,0.0306221208559153,0.36915,28.75,77.125,0.0,2.1999998,98894.7,207.26001,284.15002,10.0,1.4549999,-1.05,0.0,0.0,317.2,dl,0.0,0.0,0.0,0.0
2018-02-08T18:30:00Z,P8JA5,0,2018-02-08,0.7492173913043478,0.3949130434782609,0.306,0.455,0.0014380830039525,0.0379220648693154,0.4473,28.625,77.375,0.0,2.675,98867.1,208.5,284.875,10.0,1.5725,-1.2375001,0.0,0.0,316.95,dl,0.0,0.0,0.0,0.0
2018-02-08T18:30:00Z,PJNW1,0,2018-02-08,0.699913043478261,0.3105714285714285,0.257,0.367,0.001772619047619,0.042102482677617,0.3664,28.75,77.25,0.0,2.3,98890.7,207.02,286.7,10.0,1.48,-1.21,0.0,0.0,317.2,dl,0.0,0.0,0.0,0.0
2018-02-09T08:00:00Z,3S31A,0,2018-02-09,,,,,,,,33.875,242.0,0.0,3.85,100638.09,59.1,299.0,10.0,1.585,3.105,21600.0,0.0,287.15002,la,0.0,0.0,0.0,0.0
